"X","pop","code","name","rho","spring","autumn","summer","winter","unknown","Notes","secchi","lon","lat","F261Y","I213T","Salinity","Absorbance_412nm"
1,"A_Kalix_Baltic_Spring","A_Kalix_Baltic_Spring","AKalix","Y","Y","","",NA,NA,NA,4.462737132,23.143965,65.855281,1,0.375,5.431881152,0.95851393220456
2,"B_Vaxholm_Baltic_Spring","B_Vaxholm_Baltic_Spring","BVaxholm","Y","Y","","",NA,NA,NA,5.914504198,18.32638,59.403297,0.805555556,0.575,6.137589863,1
3,"G_Gamleby_Baltic_Spring","G_Gamleby_Baltic_Spring","GGamleby","Y","Y","","",NA,NA,NA,6.054296712,16.45,57.833333,0.901960784,0.492063492,6.686698185,0.900442763682335
4,"HGS11_RingkobingFjord_Spring","HGS11_RingkobingFjord_NorthSea_Spring","RingkobingFjord","Y","Y","","",NA,NA,NA,9.059711456,8.204706,55.997827,0.023255814,0,32.01569371,0.872654069215059
5,"HGS12_BornholmBasin_Baltic_Autumn","HGS12_BornholmBasin_Baltic_Autumn","Bornholm","Y","","Y","",NA,NA,NA,6.614085532,14.93829,55.227033,0.05,0,8.840534888,0.716517827741763
6,"HGS15_NSSH_Atlantic_Spring","HGS15_NSSH_Atlantic_Spring","NSSH_Norway","Y","Y","","",NA,NA,NA,9.059711456,4.758587,60.428352,0,0,34.48218997,0.328677914121695
7,"HGS1_Riga_Baltic_Spring","HGS1_Riga_Baltic_Spring","Riga","Y","Y","","",NA,NA,NA,3.483357511,24.020233,57.066124,0.780821918,0.380952381,6.008895796,1
8,"HGS2_Riga_Baltic_Spring","HGS2_Riga_Baltic_Spring","Riga","Y","Y","","",NA,NA,NA,3.483357511,24.020233,57.066124,1,0.411764706,6.008895796,1
9,"HGS3_Riga_Baltic_Autumn","HGS3_Riga_Baltic_Autumn","Riga","Y","","Y","",NA,NA,NA,3.483357511,24.020233,57.066124,0.404255319,0.166666667,6.008895796,1
10,"HGS4_Riga_Baltic_Autumn","HGS4_Riga_Baltic_Autumn","Riga","Y","","Y","",NA,NA,NA,3.483357511,24.020233,57.066124,0.321428571,0.176470588,6.008895796,1
11,"HGS5_Schlei_Baltic_Autumn","HGS5_Schleich_Baltic_Autumn","Schleich","Y","","Y","",NA,NA,NA,6.806119662,9.852501,54.595976,0,0,25.3065432,0.818964013857628
12,"HGS6_Schlei_Baltic_Spring","HGS5_Schleich_Baltic_Spring","Schleich","Y","Y","","",NA,NA,NA,6.806119662,9.852501,54.595976,0.041666667,0,25.3065432,0.818964013857628
13,"HGS71_Rugen_Baltic_Spring","HGS71_Rugen_Baltic_Spring","Rugen","Y","Y","","",NA,NA,NA,4.535703786,13.546667,54.222778,0.111111111,0,10.9437471,0.995543672279878
14,"HGS72_Rugen_Baltic_Spring","HGS72_Rugen_Baltic_Spring","Rugen","Y","Y","","",NA,NA,NA,4.535703786,13.546667,54.222778,0.063829787,0,10.9437471,0.995543672279878
15,"HGS8_KattegatNorth_Atlantic_Spring","HGS8_KattegatNorth_Atlantic_Spring","Kattegat","Y","Y","","",NA,NA,NA,8.677869841,11.7,57.716667,0,0,30.70222811,0.706003033427092
16,"H_Fehmarn_Baltic_Autumn","H_Fehmarn_Baltic_Autumn","HFehmarn","Y","","Y","",NA,NA,NA,6.627592046,11.132927,54.470054,0.070175439,0,19.0088424,0.838962690804594
17,"J_Träslövsläge_Kattegat_Spring","J_Traslovslage_Baltic_Spring","JTraslovslage","","Y","","",NA,NA,NA,8.426357127,12.183333,57.05,0.071428571,0.09375,27.98742996,0.715050361446432
18,"N_NorthSea_Atlantic_Autumn","N_NorthSea_Atlantic_Autumn","NNorthSea","Y","","Y","",NA,NA,NA,9.059711456,6.166667,58.1,0,0,34.22095966,0.370732890167197
19,"O_Hamburgsund_Atlantic_Spring","O_Hamburgsund_Atlantic_Spring","OHamburgsund","Y","Y","","",NA,NA,NA,9.059711456,11.216667,58.5,0,0,31.65228891,0.581116158228654
20,"PB10_Skagerrak_Atlantic_Spring","PB10_Skagerrak_Atlantic_Spring","Skagerrak","Y","Y","","",NA,NA,NA,9.059711456,11.35,58.316667,0,0,31.38364447,0.604346423099438
21,"PB11_Kalmar_Baltic_Spring","PB11_Kalmar_Baltic_Spring","Kalmar","Y","Y","","",NA,NA,NA,5.828252579,16.356779,56.663445,0.65625,0.444444444,7.011285545,0.918331782023112
22,"PB12_Karlskrona_Baltic_Spring","PB12_Karlskrona_Baltic_Spring","Karlskrona","Y","Y","","",NA,NA,NA,6.346214041,15.5869,56.161224,0.744186047,0.368421053,8.018100416,0.756711927887339
23,"PB1_Hästskär_Baltic_Spring","PB1_Hastskor_Baltic_Spring","Hastskar","Y","Y","","",NA,NA,NA,5.149758234,17.739702,60.532414,1,0.548387097,5.404336872,1
24,"PB2_Iceland_Atlantic_Spring","PB2_Iceland_Atlantic_Spring","Iceland","Y","Y","","",NA,NA,NA,9.059711456,-12.966667,65.816667,0,0,34.86229628,0.199523550745483
25,"PB4_Hudiksvall_Baltic_Spring","PB4_Hudiksvall_Baltic_Spring","Hudiksvall","Y","Y","","",NA,NA,NA,5.703583527,17.107401,61.727391,0.553191489,0.181818182,5.147087148,1
26,"PB5_Gävle_Baltic_Spring","PB5_Gavle_Baltic_Spring","Gavle","Y","Y","","",NA,NA,NA,5.255448856,17.178326,60.68293,0.771428571,0.46875,5.26291176,1
27,"PB6_Gävle_Baltic_Summer","PB6_Gavle_Baltic_Summer","Gavle","Y","","","Y",NA,NA,NA,5.255448856,17.178326,60.68293,0.657142857,0.557692308,5.26291176,1
28,"PB7_Gävle_Baltic_Autumn","PB7_Gavle_Baltic_Autumn","Gavle","Y","","Y","",NA,NA,NA,5.255448856,17.178326,60.68293,0.260869565,0,5.26291176,1
29,"PB8_Pacific_Pacific_Spring","PB8_Pacific_Pacific_Spring","Pacific","","","","",NA,NA,NA,NA,-123.15296,49.28326,0,0,NA,0.984012066630217
30,"PB9_Kattegat_Atlantic_Spring","PB9_Kattegat_Atlantic_Spring","Kattegat","Y","Y","","",NA,NA,NA,8.677869841,11.7,57.716667,0,0,30.70222811,0.706003033427092
31,"PN3_CentralBaltic_Baltic_Spring","PN3_CentralBaltic_Baltic_Spring","CentralBaltic","Y","Y","","",NA,NA,NA,6.386556905,15.85,55.4,0.763157895,0.483870968,7.806825343,0.653853976007166
32,"Q_Norway_Atlantic_Atlantic_Spring","Q_Norway_Atlantic_Atlantic_Spring","QAtlantic_Norway","Y","Y","","",NA,NA,NA,9.059711456,4.658203,61.185625,0,0,34.56833381,0.352217788437327
33,"DalBoB_Atlantic_Autumn","Canadian_Atlantic_1","DalBob","Y","","Y","",NA,NA,NA,9.059711456,-53.333333,48.816667,0,0,32.48626744,0.289324629306793
34,"DalFB_Atlantic_Spring","Canadian_Atlantic_2","DalFB","Y","Y","","",NA,NA,NA,9.059711456,-55.633333,47.283333,0,0,31.90930224,0.279777594911518
35,"DalGeB_Atlantic_Autumn","Canadian_Atlantic_3","DalGeB","Y","","Y","",NA,NA,NA,9.059711456,-66.3,43.266667,0,0,32.02662544,0.311125331760749
36,"DalInB_Atlantic_Spring","Canadian_Atlantic_4","DalInB","Y","Y","","",NA,NA,NA,9.059711456,-65.85,48,0,0,29.11567706,0.768700763722446
37,"DalNsF_Atlantic_Autumn","Canadian_Atlantic_5","DalNsF","Y","","Y","",NA,NA,NA,9.059711456,-62.6,45.733333,0,0,29.87339015,0.936431376338005
38,"DalNsS_Atlantic_Spring","Canadian_Atlantic_6","DalNsS","Y","Y","","",NA,NA,NA,9.059711456,-64.15,46.316667,0,0,29.38828405,1
